"ID","year","leafout","Genus","Species","elev","lat","long","budburst","force","force.lo","gdd.bb","gdd.lo","chill","achill","lophoto","bbphoto","m.photo.bb","m.photo.lo","photo.bb","photo.lo","dvr"
92203,2016,133,"Acer","saccharum",13,42.303822,-71.120308,130,6.53435294117647,6.85227272727273,582.7,630.28,3.09365384615385,50.51,14.4859132875793,14.3759819303914,12.5031804294421,12.569536602552,1062.77033650258,1106.11922102457,3
92203,2017,131,"Acer","saccharum",13,42.303822,-71.120308,127,6.2869512195122,6.41813953488372,572.48,608.91,2.43805084745763,96.79,14.4131607973205,14.2614417418669,12.4360482673969,12.5253895034872,1019.75595792654,1077.1834972999,4
92203,2018,127,"Acer","saccharum",13,42.303822,-71.120308,119,4.89986486486487,6.09878048780488,373.07,510.58,1.88769230769231,65.18,14.2614417418669,13.936830139523,12.2538349977253,12.4360482673969,906.783789831672,1019.75595792654,8
92204,2016,112,"Acer","saccharum",13,42.303822,-71.120308,109,5.411875,5.66746268656716,373.64,407,3.09365384615385,50.51,13.6345415555162,13.5009329030466,12.0211571508534,12.0914111869361,769.354057654615,810.124549524722,3
92204,2017,108,"Acer","saccharum",13,42.303822,-71.120308,101,3.58607142857143,4.70365079365079,257.77,353.28,6.34654088050314,96.79,13.4559384689672,13.1355745975213,11.8324577485078,11.9976686468503,662.617633916435,755.853124751569,7
92204,2018,125,"Acer","saccharum",13,42.303822,-71.120308,118,4.81383561643836,5.896875,361.89,482.23,2.28036144578313,69.41,14.1827454977478,13.8945662601255,12.2307802697555,12.3909024978904,892.846959692149,991.272199831231,7
92206,2016,117,"Acer","saccharum",13,42.303822,-71.120308,109,5.411875,6.09277777777778,373.64,465.96,5.0922972972973,62.74,13.8519743381595,13.5009329030466,12.0211571508534,12.2076721310003,769.354057654615,878.952393432024,8
92206,2017,107,"Acer","saccharum",13,42.303822,-71.120308,101,3.58607142857143,4.65564516129032,257.77,345.6,5.81875816993464,96.79,13.4107320988529,13.1355745975213,11.8324577485078,11.9741481658484,662.617633916435,742.397186282601,6
92206,2018,132,"Acer","saccharum",13,42.303822,-71.120308,119,4.89986486486487,6.53011494252874,373.07,578.6,1.81233766233766,65.18,14.4498104370945,13.936830139523,12.2538349977253,12.5475092843333,906.783789831672,1091.63330773699,13
92208,2016,130,"Acer","saccharum",13,42.303822,-71.120308,115,6.03214285714286,6.53435294117647,449.53,582.7,5.8279012345679,62.74,14.3759819303914,13.7658585403169,12.1613050227157,12.5031804294421,851.291351590099,1062.77033650258,15
92208,2017,107,"Acer","saccharum",13,42.303822,-71.120308,101,3.58607142857143,4.65564516129032,257.77,345.6,2.99935483870968,96.79,13.4107320988529,13.1355745975213,11.8324577485078,11.9741481658484,662.617633916435,742.397186282601,6
92208,2018,132,"Acer","saccharum",13,42.303822,-71.120308,119,4.89986486486487,6.53011494252874,373.07,578.6,3.54369565217391,69.41,14.4498104370945,13.936830139523,12.2538349977253,12.5475092843333,906.783789831672,1091.63330773699,13
92209,2016,116,"Acer","saccharum",26,42.296417,-71.128052,109,5.411875,6.10056338028169,373.64,460.42,9.38110169491525,62.74,13.8086114358157,13.5005603184112,12.0211732282149,12.1844859837867,769.355086605757,865.098504848858,7
92209,2017,108,"Acer","saccharum",26,42.296417,-71.128052,102,3.76719298245614,4.70365079365079,271.68,353.28,6.28601265822785,96.79,13.4555779623464,13.1815683010372,11.8561907380714,11.9976908934499,675.802872070069,755.854526287345,6
92209,2018,122,"Acer","saccharum",26,42.296417,-71.128052,121,5.02026315789474,5.26168831168831,392.02,415.63,1.88769230769231,65.18,14.0609913855974,14.0198053213713,12.2997170037562,12.3225906970268,934.778492285469,948.839483671067,1
85751,2016,108,"Aesculus","flava",13,42.305161,-71.122452,105,5.171,5.32619047619048,337.54,362.83,6.11070588235294,62.74,13.4560036668141,13.3197812566942,11.9270114679287,11.9976646238334,715.620688075725,755.852871301506,3
85751,2017,108,"Aesculus","flava",13,42.305161,-71.122452,108,4.70365079365079,4.70365079365079,353.28,353.28,6.12519230769231,96.79,13.4560036668141,13.4560036668141,11.9976646238334,11.9976646238334,755.852871301506,755.852871301506,0
85751,2018,117,"Aesculus","flava",13,42.305161,-71.122452,117,4.66833333333333,4.66833333333333,346.6,346.6,11.8000584795322,69.41,13.8520589420911,13.8520589420911,12.2076781145509,12.2076781145509,878.952824247665,878.952824247665,0
85755,2016,112,"Aesculus","flava",13,42.305161,-71.122452,111,5.52787878787879,5.66746268656716,392.12,407,6.11070588235294,62.74,13.634615453176,13.5903167941144,12.0680297453693,12.0914116216052,796.489963194373,810.124578647549,1
85755,2017,108,"Aesculus","flava",13,42.305161,-71.122452,108,4.70365079365079,4.70365079365079,353.28,353.28,8.42047872340425,96.79,13.4560036668141,13.4560036668141,11.9976646238334,11.9976646238334,755.852871301506,755.852871301506,0
85755,2018,117,"Aesculus","flava",13,42.305161,-71.122452,114,4.32811594202899,4.66833333333333,309.12,346.6,4.22724489795918,69.41,13.8520589420911,13.722438092002,12.1380532816483,12.2076781145509,837.525676433732,878.952824247665,3
85756,2016,112,"Aesculus","flava",13,42.305161,-71.122452,110,5.46938461538462,5.66746268656716,382.79,407,6.34340909090909,62.74,13.634615453176,13.5457748135269,12.0446099446194,12.0914116216052,782.899646400258,810.124578647549,2
85756,2017,108,"Aesculus","flava",13,42.305161,-71.122452,108,4.70365079365079,4.70365079365079,353.28,353.28,4.47757142857143,96.79,13.4560036668141,13.4560036668141,11.9976646238334,11.9976646238334,755.852871301506,755.852871301506,0
85756,2018,117,"Aesculus","flava",13,42.305161,-71.122452,114,4.32811594202899,4.66833333333333,309.12,346.6,5.23672897196262,69.41,13.8520589420911,13.722438092002,12.1380532816483,12.2076781145509,837.525676433732,878.952824247665,3
85757,2016,116,"Aesculus","flava",26,42.296417,-71.128052,114,5.98652173913043,6.10056338028169,440.35,460.42,12.2087755102041,62.74,13.8086114358157,13.7219274550676,12.1380359296635,12.1844859837867,837.524479146784,865.098504848858,2
85757,2017,109,"Aesculus","flava",26,42.296417,-71.128052,104,3.97864406779661,4.73609375,291.69,360.06,6.12519230769231,96.79,13.5005603184112,13.2736264751588,11.9034606558679,12.0211732282149,702.304178696203,769.355086605757,5
85757,2018,117,"Aesculus","flava",26,42.296417,-71.128052,116,4.58816901408451,4.66833333333333,336.24,346.6,5.64481818181818,69.41,13.8515065282904,13.8086114358157,12.1844859837867,12.2076390469048,865.098504848858,878.950011377149,1
85758,2016,112,"Aesculus","flava",13,42.305161,-71.122452,110,5.46938461538462,5.66746268656716,382.79,407,7.46079207920792,62.74,13.634615453176,13.5457748135269,12.0446099446194,12.0914116216052,782.899646400258,810.124578647549,2
85758,2017,108,"Aesculus","flava",13,42.305161,-71.122452,101,3.58607142857143,4.70365079365079,257.77,353.28,3.86575757575758,96.79,13.4560036668141,13.1356243681575,11.832445897144,11.9976646238334,662.616970240063,755.852871301506,7
85758,2018,116,"Aesculus","flava",13,42.305161,-71.122452,112,4.11850746268657,4.58816901408451,286.42,336.24,12.2035393258427,69.41,13.809149984128,13.634615453176,12.0914116216052,12.1845178212053,810.124578647549,865.100765305574,4
85759,2015,138,"Betula","alleghaniensis",36,42.301922,-71.123932,138,4.9641935483871,4.9641935483871,610.72,610.72,10.9345689655172,59.38,14.6574175467231,14.6574175467231,12.6781305576129,12.6781305576129,1179.066141858,1179.066141858,0
85759,2016,114,"Betula","alleghaniensis",36,42.301922,-71.123932,109,5.411875,5.98652173913043,373.64,440.35,3.6925,95.73,13.7222489212141,13.5008372950663,12.0211612761638,12.1380468530124,769.354321674481,837.525232857854,5
85759,2017,112,"Betula","alleghaniensis",36,42.301922,-71.123932,102,3.76719298245614,4.85940298507463,271.68,382.53,7.07629411764706,96.79,13.634436702808,13.1817819953725,11.8561466246721,12.091410570335,675.800357606309,810.124508212442,10
85759,2018,122,"Betula","alleghaniensis",36,42.301922,-71.123932,118,4.81383561643836,5.26168831168831,361.89,415.63,6.14026315789474,69.41,14.0613821266207,13.8944432175436,12.2307702106748,12.3226379569987,892.84622537926,948.843122688897,4
85761,2015,138,"Betula","alleghaniensis",36,42.301922,-71.123932,142,4.9641935483871,4.9641935483871,610.72,610.72,9.13104166666667,59.38,NA,NA,NA,NA,NA,NA,-4
85761,2016,114,"Betula","alleghaniensis",36,42.301922,-71.123932,112,5.66746268656716,5.98652173913043,407,440.35,3.44248062015504,95.73,13.7222489212141,13.634436702808,12.091410570335,12.1380468530124,810.124508212442,837.525232857854,2
85761,2017,118,"Betula","alleghaniensis",36,42.301922,-71.123932,102,3.76719298245614,5.51520547945205,271.68,459.56,7.07629411764706,96.79,13.8944432175436,13.1817819953725,11.8561466246721,12.2307702106748,675.800357606309,892.84622537926,16
85761,2018,123,"Betula","alleghaniensis",36,42.301922,-71.123932,114,4.32811594202899,5.49794871794872,309.12,439.32,3.69698924731183,69.41,14.1021926703106,13.7222489212141,12.1380468530124,12.3454527610155,837.525232857854,962.945315359208,9
85762,2015,138,"Betula","alleghaniensis",36,42.301922,-71.123932,138,4.9641935483871,4.9641935483871,610.72,610.72,10.9345689655172,59.38,14.6574175467231,14.6574175467231,12.6781305576129,12.6781305576129,1179.066141858,1179.066141858,0
85762,2016,114,"Betula","alleghaniensis",36,42.301922,-71.123932,102,5.05122807017544,5.98652173913043,315.2,440.35,4.03919708029197,95.73,13.7222489212141,13.1817819953725,11.8561466246721,12.1380468530124,675.800357606309,837.525232857854,12
85762,2017,105,"Betula","alleghaniensis",36,42.301922,-71.123932,102,3.76719298245614,4.126,271.68,304.51,7.07629411764706,96.79,13.3196394785944,13.1817819953725,11.8561466246721,11.9270293061517,675.800357606309,715.6217583691,3
85762,2018,122,"Betula","alleghaniensis",36,42.301922,-71.123932,114,4.32811594202899,5.26168831168831,309.12,415.63,3.69698924731183,69.41,14.0613821266207,13.7222489212141,12.1380468530124,12.3226379569987,837.525232857854,948.843122688897,8
85763,2015,138,"Betula","alleghaniensis",36,42.301922,-71.123932,138,4.9641935483871,4.9641935483871,610.72,610.72,10.1487962962963,59.38,14.6574175467231,14.6574175467231,12.6781305576129,12.6781305576129,1179.066141858,1179.066141858,0
85763,2016,114,"Betula","alleghaniensis",36,42.301922,-71.123932,110,5.46938461538462,5.98652173913043,382.79,440.35,3.12685483870968,95.73,13.7222489212141,13.545606554161,12.0446142804406,12.1380468530124,782.899928228642,837.525232857854,4
85763,2017,117,"Betula","alleghaniensis",36,42.301922,-71.123932,102,3.76719298245614,5.31875,271.68,439.9,2.99935483870968,96.79,13.851854294494,13.1817819953725,11.8561466246721,12.207663641135,675.800357606309,878.951782161717,15
85763,2018,122,"Betula","alleghaniensis",36,42.301922,-71.123932,118,4.81383561643836,5.26168831168831,361.89,415.63,3.69698924731183,69.41,14.0613821266207,13.8944432175436,12.2307702106748,12.3226379569987,892.84622537926,948.843122688897,4
85764,2015,138,"Betula","alleghaniensis",36,42.301922,-71.123932,138,4.9641935483871,4.9641935483871,610.72,610.72,10.9345689655172,59.38,14.6574175467231,14.6574175467231,12.6781305576129,12.6781305576129,1179.066141858,1179.066141858,0
85764,2016,114,"Betula","alleghaniensis",36,42.301922,-71.123932,102,5.05122807017544,5.98652173913043,315.2,440.35,5.42437908496732,95.73,13.7222489212141,13.1817819953725,11.8561466246721,12.1380468530124,675.800357606309,837.525232857854,12
85764,2017,117,"Betula","alleghaniensis",36,42.301922,-71.123932,102,3.76719298245614,5.31875,271.68,439.9,9.41226600985222,96.79,13.851854294494,13.1817819953725,11.8561466246721,12.207663641135,675.800357606309,878.951782161717,15
85764,2018,121,"Betula","alleghaniensis",36,42.301922,-71.123932,114,4.32811594202899,5.02026315789474,309.12,392.02,3.69698924731183,69.41,14.0201875658161,13.7222489212141,12.1380468530124,12.2997597442405,837.525232857854,934.781740562277,7
86258,2015,138,"Betula","nigra",36,42.301922,-71.123932,138,4.9641935483871,4.9641935483871,610.72,610.72,8.40702380952381,59.38,14.6574175467231,14.6574175467231,12.6781305576129,12.6781305576129,1179.066141858,1179.066141858,0
86258,2016,132,"Betula","nigra",36,42.301922,-71.123932,114,5.98652173913043,6.72919540229885,440.35,612.72,3.6925,95.73,14.4496474710958,13.7222489212141,12.1380468530124,12.547477543089,837.525232857854,1091.63054624875,18
86258,2017,118,"Betula","nigra",36,42.301922,-71.123932,100,3.29345454545455,5.51520547945205,238.09,459.56,7.12795321637427,96.79,13.8944432175436,13.0890771132783,11.8087831205921,12.2307702106748,649.483071632564,892.84622537926,18
86258,2018,125,"Betula","nigra",36,42.301922,-71.123932,122,5.26168831168831,5.896875,415.63,482.23,3.54369565217391,69.41,14.1826019393166,14.0613821266207,12.3226379569987,12.3908815204732,948.843122688897,991.270521637855,3
86259,2015,138,"Betula","nigra",36,42.301922,-71.123932,138,4.9641935483871,4.9641935483871,610.72,610.72,10.1487962962963,59.38,14.6574175467231,14.6574175467231,12.6781305576129,12.6781305576129,1179.066141858,1179.066141858,0
86259,2016,127,"Betula","nigra",36,42.301922,-71.123932,111,5.52787878787879,6.37280487804878,392.12,549.85,5.42437908496732,95.73,14.2612925068919,13.5901432809919,12.0680313865096,12.4360241962153,796.490071509634,1019.75398408965,16
86259,2017,108,"Betula","nigra",36,42.301922,-71.123932,100,3.29345454545455,4.70365079365079,238.09,353.28,9.77185714285714,96.79,13.4558459603083,13.0890771132783,11.8087831205921,11.9976743552288,649.483071632564,755.853484379415,8
86259,2018,122,"Betula","nigra",36,42.301922,-71.123932,114,4.32811594202899,5.26168831168831,309.12,415.63,7.64944881889764,69.41,14.0613821266207,13.7222489212141,12.1380468530124,12.3226379569987,837.525232857854,948.843122688897,8
86260,2015,138,"Betula","nigra",36,42.301922,-71.123932,142,4.9641935483871,4.9641935483871,610.72,610.72,11.8381746031746,59.38,NA,NA,NA,NA,NA,NA,-4
86260,2016,125,"Betula","nigra",36,42.301922,-71.123932,111,5.52787878787879,6.332375,392.12,533.87,7.15860465116279,95.73,14.1826019393166,13.5901432809919,12.0680313865096,12.3908815204732,796.490071509634,991.270521637855,14
86260,2017,117,"Betula","nigra",36,42.301922,-71.123932,101,3.58607142857143,5.31875,257.77,439.9,9.41226600985222,96.79,13.851854294494,13.1355039783727,11.832474564481,12.207663641135,662.618575610936,878.951782161717,16
86260,2018,122,"Betula","nigra",36,42.301922,-71.123932,118,4.81383561643836,5.26168831168831,361.89,415.63,6.72675,69.41,14.0613821266207,13.8944432175436,12.2307702106748,12.3226379569987,892.84622537926,948.843122688897,4
86261,2015,138,"Betula","nigra",36,42.301922,-71.123932,139,4.9641935483871,4.9641935483871,610.72,610.72,9.13104166666667,59.38,NA,NA,NA,NA,NA,NA,-1
86261,2016,130,"Betula","nigra",36,42.301922,-71.123932,114,5.98652173913043,6.53435294117647,440.35,582.7,3.12685483870968,95.73,14.3758243710854,13.7222489212141,12.1380468530124,12.5031517442143,837.525232857854,1062.76789825822,16
86261,2017,118,"Betula","nigra",36,42.301922,-71.123932,100,3.29345454545455,5.51520547945205,238.09,459.56,6.80915151515152,96.79,13.8944432175436,13.0890771132783,11.8087831205921,12.2307702106748,649.483071632564,892.84622537926,18
86261,2018,122,"Betula","nigra",36,42.301922,-71.123932,122,5.26168831168831,5.26168831168831,415.63,415.63,6.14026315789474,69.41,14.0613821266207,14.0613821266207,12.3226379569987,12.3226379569987,948.843122688897,948.843122688897,0
87754,2015,138,"Betula","nigra",36,42.301922,-71.123932,138,4.9641935483871,4.9641935483871,610.72,610.72,14.4414024390244,59.38,14.6574175467231,14.6574175467231,12.6781305576129,12.6781305576129,1179.066141858,1179.066141858,0
87754,2016,130,"Betula","nigra",36,42.301922,-71.123932,112,5.66746268656716,6.53435294117647,407,582.7,3.44248062015504,95.73,14.3758243710854,13.634436702808,12.091410570335,12.5031517442143,810.124508212442,1062.76789825822,18
87754,2017,118,"Betula","nigra",36,42.301922,-71.123932,101,3.58607142857143,5.51520547945205,257.77,459.56,7.12795321637427,96.79,13.8944432175436,13.1355039783727,11.832474564481,12.2307702106748,662.618575610936,892.84622537926,17
87754,2018,122,"Betula","nigra",36,42.301922,-71.123932,122,5.26168831168831,5.26168831168831,415.63,415.63,6.14026315789474,69.41,14.0613821266207,14.0613821266207,12.3226379569987,12.3226379569987,948.843122688897,948.843122688897,0
86262,2016,143,"Carya","glabra",33,42.30024,-71.12606,130,6.53435294117647,7.64336734693878,582.7,776.33,5.87170731707317,62.74,14.8125084289513,14.3756848985949,12.5031263519464,12.7838965229678,1062.76573991544,1252.82185925085,13
86262,2017,120,"Carya","glabra",33,42.30024,-71.12606,118,5.51520547945205,5.79973333333333,459.56,491.93,6.34654088050314,96.79,13.9785093173362,13.8943342992407,12.2307613064225,12.276809029862,892.845575368846,920.760677239652,2
86262,2018,126,"Carya","glabra",33,42.30024,-71.12606,123,5.49794871794872,6.01604938271605,439.32,497.78,6.14026315789474,69.41,14.222040343045,14.1020706957365,12.3454369414581,12.4134700795099,962.944081433732,1005.4910764403,3
86263,2016,118,"Carya","glabra",33,42.30024,-71.12606,118,6.12547945205479,6.12547945205479,474.44,474.44,6.82574468085106,62.74,13.8943342992407,13.8943342992407,12.2307613064225,12.2307613064225,892.845575368846,892.845575368846,0
86263,2017,118,"Carya","glabra",33,42.30024,-71.12606,110,4.80523076923077,5.51520547945205,369.29,459.56,6.34654088050314,96.79,13.8943342992407,13.5455191850579,12.0446165320298,12.2307613064225,782.900074581936,892.845575368846,8
86263,2018,122,"Carya","glabra",33,42.30024,-71.12606,118,4.81383561643836,5.26168831168831,361.89,415.63,5.91080357142857,69.41,14.0612627314522,13.8943342992407,12.2307613064225,12.3226235160779,892.845575368846,948.842010737995,4
86264,2016,118,"Carya","glabra",33,42.30024,-71.12606,110,5.46938461538462,6.12547945205479,382.79,474.44,6.82574468085106,62.74,13.8943342992407,13.5455191850579,12.0446165320298,12.2307613064225,782.900074581936,892.845575368846,8
86264,2017,114,"Carya","glabra",33,42.30024,-71.12606,100,3.29345454545455,5.06405797101449,238.09,406.37,6.34654088050314,96.79,13.7221506938663,13.0890173885125,11.8087994136672,12.1380435151202,649.483967751699,837.525002543295,14
86264,2018,122,"Carya","glabra",33,42.30024,-71.12606,119,4.89986486486487,5.26168831168831,373.07,415.63,6.14026315789474,69.41,14.0612627314522,13.9365925534703,12.2538130800313,12.3226235160779,906.782167922316,948.842010737995,3
86265,2016,122,"Carya","glabra",33,42.30024,-71.12606,122,6.26493506493506,6.26493506493506,509.68,509.68,5.87170731707317,62.74,14.0612627314522,14.0612627314522,12.3226235160779,12.3226235160779,948.842010737995,948.842010737995,0
86265,2017,118,"Carya","glabra",33,42.30024,-71.12606,100,3.29345454545455,5.51520547945205,238.09,459.56,6.34654088050314,96.79,13.8943342992407,13.0890173885125,11.8087994136672,12.2307613064225,649.483967751699,892.845575368846,18
86265,2018,123,"Carya","glabra",33,42.30024,-71.12606,118,4.81383561643836,5.49794871794872,361.89,439.32,5.23672897196262,69.41,14.1020706957365,13.8943342992407,12.2307613064225,12.3454369414581,892.845575368846,962.944081433732,5
86266,2016,122,"Carya","glabra",33,42.30024,-71.12606,118,6.12547945205479,6.26493506493506,474.44,509.68,5.87170731707317,62.74,14.0612627314522,13.8943342992407,12.2307613064225,12.3226235160779,892.845575368846,948.842010737995,4
86266,2017,117,"Carya","glabra",33,42.30024,-71.12606,100,3.29345454545455,5.31875,238.09,439.9,6.34654088050314,96.79,13.8517480308404,13.0890173885125,11.8087994136672,12.2076561259667,649.483967751699,878.951241069605,17
86266,2018,122,"Carya","glabra",33,42.30024,-71.12606,118,4.81383561643836,5.26168831168831,361.89,415.63,5.23672897196262,69.41,14.0612627314522,13.8943342992407,12.2307613064225,12.3226235160779,892.845575368846,948.842010737995,4
86268,2016,131,"Carya","ovata",33,42.30024,-71.12606,130,6.53435294117647,6.6146511627907,582.7,596.14,4.75944444444444,62.74,14.4128586404635,14.3756848985949,12.5031263519464,12.5253325413478,1062.76573991544,1077.17859855591,1
86268,2017,118,"Carya","ovata",33,42.30024,-71.12606,105,4.126,5.51520547945205,304.51,459.56,6.34654088050314,96.79,13.8943342992407,13.3195658599133,11.9270385689157,12.2307613064225,715.622314134945,892.845575368846,13
86268,2018,125,"Carya","ovata",33,42.30024,-71.12606,118,4.81383561643836,5.896875,361.89,482.23,3.43945054945055,69.41,14.182474860367,13.8943342992407,12.2307613064225,12.3908629512157,892.845575368846,991.269036097259,7
86269,2016,132,"Carya","ovata",33,42.30024,-71.12606,130,6.53435294117647,6.72919540229885,582.7,612.72,4.75944444444444,62.74,14.4495032126245,14.3756848985949,12.5031263519464,12.5474494456153,1062.76573991544,1091.62810176853,2
86269,2017,118,"Carya","ovata",33,42.30024,-71.12606,105,4.126,5.51520547945205,304.51,459.56,6.34654088050314,96.79,13.8943342992407,13.3195658599133,11.9270385689157,12.2307613064225,715.622314134945,892.845575368846,13
86269,2018,125,"Carya","ovata",33,42.30024,-71.12606,118,4.81383561643836,5.896875,361.89,482.23,4.22724489795918,69.41,14.182474860367,13.8943342992407,12.2307613064225,12.3908629512157,892.845575368846,991.269036097259,7
86270,2016,127,"Carya","ovata",33,42.30024,-71.12606,110,5.46938461538462,6.37280487804878,382.79,549.85,5.57410256410256,62.74,14.2611604030747,13.5455191850579,12.0446165320298,12.4360028883339,782.900074581936,1019.75223684338,17
86270,2017,117,"Carya","ovata",33,42.30024,-71.12606,105,4.126,5.31875,304.51,439.9,6.34654088050314,96.79,13.8517480308404,13.3195658599133,11.9270385689157,12.2076561259667,715.622314134945,878.951241069605,12
86270,2018,125,"Carya","ovata",33,42.30024,-71.12606,118,4.81383561643836,5.896875,361.89,482.23,3.43945054945055,69.41,14.182474860367,13.8943342992407,12.2307613064225,12.3908629512157,892.845575368846,991.269036097259,7
86271,2016,132,"Carya","ovata",33,42.30024,-71.12606,130,6.53435294117647,6.72919540229885,582.7,612.72,5.91722891566265,62.74,14.4495032126245,14.3756848985949,12.5031263519464,12.5474494456153,1062.76573991544,1091.62810176853,2
86271,2017,118,"Carya","ovata",33,42.30024,-71.12606,105,4.126,5.51520547945205,304.51,459.56,6.34654088050314,96.79,13.8943342992407,13.3195658599133,11.9270385689157,12.2307613064225,715.622314134945,892.845575368846,13
86271,2018,125,"Carya","ovata",33,42.30024,-71.12606,118,4.81383561643836,5.896875,361.89,482.23,6.14026315789474,69.41,14.182474860367,13.8943342992407,12.2307613064225,12.3908629512157,892.845575368846,991.269036097259,7
86272,2016,132,"Carya","ovata",33,42.30024,-71.12606,125,6.332375,6.72919540229885,533.87,612.72,4.75944444444444,62.74,14.4495032126245,14.182474860367,12.3908629512157,12.5474494456153,991.269036097259,1091.62810176853,7
86272,2017,118,"Carya","ovata",33,42.30024,-71.12606,105,4.126,5.51520547945205,304.51,459.56,5.36331081081081,96.79,13.8943342992407,13.3195658599133,11.9270385689157,12.2307613064225,715.622314134945,892.845575368846,13
86272,2018,125,"Carya","ovata",33,42.30024,-71.12606,118,4.81383561643836,5.896875,361.89,482.23,3.05840909090909,69.41,14.182474860367,13.8943342992407,12.2307613064225,12.3908629512157,892.845575368846,991.269036097259,7
86273,2016,115,"Fagus","grandifolia",21,42.298065,-71.122131,93,5.32145833333333,6.03214285714286,277.49,449.53,6.11070588235294,62.74,13.7655131306913,12.7604733653314,11.6425985668457,12.1612888269504,558.844731208595,851.290217886526,22
86274,2016,115,"Fagus","grandifolia",21,42.298065,-71.122131,115,6.03214285714286,6.03214285714286,449.53,449.53,5.54376623376623,62.74,13.7655131306913,13.7655131306913,12.1612888269504,12.1612888269504,851.290217886526,851.290217886526,0
86274,2017,117,"Fagus","grandifolia",21,42.298065,-71.122131,103,3.87620689655172,5.31875,281.77,439.9,5.36331081081081,96.79,13.8516106301054,13.2277468418397,11.8798252794929,12.2076464089077,689.029866210589,878.950541441354,14
86275,2016,115,"Fagus","grandifolia",21,42.298065,-71.122131,97,4.84,6.03214285714286,278.96,449.53,6.2146511627907,62.74,13.7655131306913,12.9488644754687,11.7376562121675,12.1612888269504,610.358123032712,851.290217886526,18
86275,2017,112,"Fagus","grandifolia",21,42.298065,-71.122131,103,3.87620689655172,4.85940298507463,281.77,382.53,6.12519230769231,96.79,13.6342238727635,13.2277468418397,11.8798252794929,12.0914093192871,689.029866210589,810.124424392234,9
86276,2016,118,"Fagus","grandifolia",21,42.298065,-71.122131,115,6.03214285714286,6.12547945205479,449.53,474.44,5.54376623376623,62.74,13.8941934660214,13.7655131306913,12.1612888269504,12.2307497932517,851.290217886526,892.844734907376,3
86276,2017,117,"Fagus","grandifolia",21,42.298065,-71.122131,108,4.70365079365079,5.31875,353.28,439.9,4.09126865671642,96.79,13.8516106301054,13.4556581860908,11.9976859426628,12.2076464089077,755.854214387754,878.950541441354,9
86276,2018,123,"Fagus","grandifolia",21,42.298065,-71.122131,122,5.26168831168831,5.49794871794872,415.63,439.32,3.54369565217391,69.41,14.1019129806772,14.0611083515762,12.3226048438945,12.3454164866738,948.840572979876,962.942485960553,1
86277,2016,115,"Fagus","grandifolia",21,42.298065,-71.122131,108,5.32619047619048,6.03214285714286,362.83,449.53,9.1175652173913,62.74,13.7655131306913,13.4556581860908,11.9976859426628,12.1612888269504,755.854214387754,851.290217886526,7
135343,2017,110,"Fagus","grandifolia",21,42.298065,-71.122131,107,4.65564516129032,4.80523076923077,345.6,369.29,8.588,56.79,13.5454062151931,13.4104612302693,11.9741702613171,12.0446194435818,742.398556201663,782.900263832817,3
135911,2017,113,"Fagus","grandifolia",21,42.298065,-71.122131,109,4.73609375,4.94073529411765,360.06,392.92,8.588,56.79,13.6782566794451,13.5006432298706,12.0211696502754,12.1147453098776,769.354857617624,823.802681071679,4
86278,2016,136,"Populus","deltoides",26,42.296417,-71.128052,110,5.46938461538462,7.15274725274725,382.79,678.18,7.59911764705882,62.74,14.5900864473892,13.5453206233714,12.0446216496789,12.6348839343305,782.900407229128,1149.77443802407,26
86278,2017,124,"Populus","deltoides",26,42.296417,-71.128052,104,3.97864406779661,6.05316455696203,291.69,535.15,6.80915151515152,96.79,14.1421967736548,13.2736264751588,11.9034606558679,12.3681452396524,702.304178696203,977.083473932539,20
86278,2018,118,"Populus","deltoides",26,42.296417,-71.128052,117,4.66833333333333,4.81383561643836,346.6,361.89,5.64481818181818,69.41,13.8940867635983,13.8515065282904,12.2076390469048,12.2307410704212,878.950011377149,892.844098140747,1
86279,2016,136,"Populus","deltoides",26,42.296417,-71.128052,119,6.16256756756757,7.15274725274725,483.31,678.18,12.2087755102041,62.74,14.5900864473892,13.9363390150465,12.2537896912945,12.6348839343305,906.780437155793,1149.77443802407,17
86279,2017,124,"Populus","deltoides",26,42.296417,-71.128052,104,3.97864406779661,6.05316455696203,291.69,535.15,7.436875,96.79,14.1421967736548,13.2736264751588,11.9034606558679,12.3681452396524,702.304178696203,977.083473932539,20
86279,2018,118,"Populus","deltoides",26,42.296417,-71.128052,117,4.66833333333333,4.81383561643836,346.6,361.89,8.54455223880597,69.41,13.8940867635983,13.8515065282904,12.2076390469048,12.2307410704212,878.950011377149,892.844098140747,1
86280,2016,136,"Populus","deltoides",26,42.296417,-71.128052,119,6.16256756756757,7.15274725274725,483.31,678.18,9.52083333333333,62.74,14.5900864473892,13.9363390150465,12.2537896912945,12.6348839343305,906.780437155793,1149.77443802407,17
86280,2017,124,"Populus","deltoides",26,42.296417,-71.128052,104,3.97864406779661,6.05316455696203,291.69,535.15,7.24127167630058,96.79,14.1421967736548,13.2736264751588,11.9034606558679,12.3681452396524,702.304178696203,977.083473932539,20
86280,2018,118,"Populus","deltoides",26,42.296417,-71.128052,117,4.66833333333333,4.81383561643836,346.6,361.89,6.61873949579832,69.41,13.8940867635983,13.8515065282904,12.2076390469048,12.2307410704212,878.950011377149,892.844098140747,1
86281,2016,133,"Populus","deltoides",26,42.296417,-71.128052,119,6.16256756756757,6.85227272727273,483.31,630.28,11.3476811594203,62.74,14.4852678613481,13.9363390150465,12.2537896912945,12.569406979182,906.780437155793,1106.10781416801,14
86281,2017,124,"Populus","deltoides",26,42.296417,-71.128052,104,3.97864406779661,6.05316455696203,291.69,535.15,7.436875,96.79,14.1421967736548,13.2736264751588,11.9034606558679,12.3681452396524,702.304178696203,977.083473932539,20
86281,2018,118,"Populus","deltoides",26,42.296417,-71.128052,117,4.66833333333333,4.81383561643836,346.6,361.89,8.54455223880597,69.41,13.8940867635983,13.8515065282904,12.2076390469048,12.2307410704212,878.950011377149,892.844098140747,1
86282,2016,133,"Populus","deltoides",26,42.296417,-71.128052,84,4.70769230769231,6.85227272727273,205.66,630.28,11.3476811594203,62.74,14.4852678613481,12.3318831132717,11.4285259284745,12.569406979182,445.712511210505,1106.10781416801,49
86282,2017,120,"Populus","deltoides",26,42.296417,-71.128052,102,3.76719298245614,5.79973333333333,271.68,491.93,7.436875,96.79,13.9782498083045,13.1815683010372,11.8561907380714,12.2767824928546,675.802872070069,920.758686964098,18
86282,2018,118,"Populus","deltoides",26,42.296417,-71.128052,117,4.66833333333333,4.81383561643836,346.6,361.89,8.54455223880597,69.41,13.8940867635983,13.8515065282904,12.2076390469048,12.2307410704212,878.950011377149,892.844098140747,1
87756,2016,133,"Quercus","alba",26,42.296417,-71.128052,115,6.03214285714286,6.85227272727273,449.53,630.28,5.43763157894737,62.74,14.4852678613481,13.765414266259,12.1612841916149,12.569406979182,851.289893413043,1106.10781416801,18
87756,2017,120,"Quercus","alba",26,42.296417,-71.128052,109,4.73609375,5.79973333333333,360.06,491.93,5.72171052631579,96.79,13.9782498083045,13.5005603184112,12.0211732282149,12.2767824928546,769.355086605757,920.758686964098,11
87756,2018,124,"Quercus","alba",26,42.296417,-71.128052,124,5.72810126582278,5.72810126582278,463,463,3.80808510638298,69.41,14.1421967736548,14.1421967736548,12.3681452396524,12.3681452396524,977.083473932539,977.083473932539,0
87758,2016,142,"Quercus","alba",30,42.300278,-71.124771,115,6.03214285714286,7.58010309278351,449.53,762.55,6.11070588235294,62.74,14.7828874495064,13.7656458986062,12.1612950520708,12.7629839323368,851.290653644956,1238.00944143667,27
87758,2017,119,"Quercus","alba",30,42.300278,-71.124771,118,5.51520547945205,5.73932432432432,459.56,481.66,4.09126865671642,96.79,13.9365950737702,13.8943367598695,12.2307615075817,12.2538133125302,892.845590053464,906.782185127235,1
87758,2018,126,"Quercus","alba",30,42.300278,-71.124771,122,5.26168831168831,6.01604938271605,415.63,497.78,3.43945054945055,69.41,14.2220432709447,14.0612654287684,12.3226238423188,12.413470529984,948.842035858544,1005.4911129287,4
87759,2016,142,"Quercus","alba",30,42.300278,-71.124771,127,6.37280487804878,7.58010309278351,549.85,762.55,6.11070588235294,62.74,14.7828874495064,14.261163387497,12.4360033697098,12.7629839323368,1019.7522763162,1238.00944143667,15
87759,2017,124,"Quercus","alba",30,42.300278,-71.124771,110,4.80523076923077,6.05316455696203,369.29,535.15,2.99935483870968,96.79,14.1424826166184,13.5455211588587,12.0446164811614,12.3681847079302,782.900071275493,977.086591926488,14
87759,2018,126,"Quercus","alba",30,42.300278,-71.124771,122,5.26168831168831,6.01604938271605,415.63,497.78,1.58608108108108,61.76,14.2220432709447,14.0612654287684,12.3226238423188,12.413470529984,948.842035858544,1005.4911129287,4
87761,2016,142,"Quercus","alba",30,42.300278,-71.124771,115,6.03214285714286,7.58010309278351,449.53,762.55,4.1840625,54.55,14.7828874495064,13.7656458986062,12.1612950520708,12.7629839323368,851.290653644956,1238.00944143667,27
87761,2017,124,"Quercus","alba",30,42.300278,-71.124771,117,5.31875,6.05316455696203,439.9,535.15,1.70553571428571,96.79,14.1424826166184,13.8517504314968,12.2076562957444,12.3681847079302,878.951253293595,977.086591926488,7
87761,2018,123,"Quercus","alba",30,42.300278,-71.124771,122,5.26168831168831,5.49794871794872,415.63,439.32,3.05840909090909,69.41,14.1020734513251,14.0612654287684,12.3226238423188,12.3454372988445,948.842035858544,962.94410930987,1
88311,2016,142,"Quercus","alba",30,42.300278,-71.124771,115,6.03214285714286,7.58010309278351,449.53,762.55,6.11070588235294,62.74,14.7828874495064,13.7656458986062,12.1612950520708,12.7629839323368,851.290653644956,1238.00944143667,27
88311,2017,119,"Quercus","alba",30,42.300278,-71.124771,110,4.80523076923077,5.73932432432432,369.29,481.66,3.23307086614173,96.79,13.9365950737702,13.5455211588587,12.0446164811614,12.2538133125302,782.900071275493,906.782185127235,9
88311,2018,123,"Quercus","alba",30,42.300278,-71.124771,122,5.26168831168831,5.49794871794872,415.63,439.32,3.05840909090909,69.41,14.1020734513251,14.0612654287684,12.3226238423188,12.3454372988445,948.842035858544,962.94410930987,1
86285,2016,130,"Quercus","rubra",30,42.300278,-71.124771,115,6.03214285714286,6.53435294117647,449.53,582.7,6.11070588235294,62.74,14.3756880494857,13.7656458986062,12.1612950520708,12.5031269255947,851.290653644956,1062.76578867555,15
86285,2017,118,"Quercus","rubra",30,42.300278,-71.124771,117,5.31875,5.51520547945205,439.9,459.56,3.23307086614173,96.79,13.8943367598695,13.8517504314968,12.2076562957444,12.2307615075817,878.951253293595,892.845590053464,1
86285,2018,122,"Quercus","rubra",30,42.300278,-71.124771,122,5.26168831168831,5.26168831168831,415.63,415.63,3.05840909090909,69.41,14.0612654287684,14.0612654287684,12.3226238423188,12.3226238423188,948.842035858544,948.842035858544,0
86286,2016,142,"Quercus","rubra",30,42.300278,-71.124771,127,6.37280487804878,7.58010309278351,549.85,762.55,6.11070588235294,62.74,14.7828874495064,14.261163387497,12.4360033697098,12.7629839323368,1019.7522763162,1238.00944143667,15
86286,2017,124,"Quercus","rubra",30,42.300278,-71.124771,119,5.73932432432432,6.05316455696203,481.66,535.15,5.09841379310345,96.79,14.1424826166184,13.9365950737702,12.2538133125302,12.3681847079302,906.782185127235,977.086591926488,5
86286,2018,125,"Quercus","rubra",30,42.300278,-71.124771,122,5.26168831168831,5.896875,415.63,482.23,3.05840909090909,69.41,14.1824777312706,14.0612654287684,12.3226238423188,12.390863370722,948.842035858544,991.269069657759,3
86287,2016,127,"Quercus","rubra",30,42.300278,-71.124771,115,6.03214285714286,6.37280487804878,449.53,549.85,6.11070588235294,62.74,14.261163387497,13.7656458986062,12.1612950520708,12.4360033697098,851.290653644956,1019.7522763162,12
86287,2017,113,"Quercus","rubra",30,42.300278,-71.124771,110,4.80523076923077,4.94073529411765,369.29,392.92,2.73752066115702,96.79,13.6783823554585,13.5455211588587,12.0446164811614,12.1147478651967,782.900071275493,823.802854833379,3
86287,2018,122,"Quercus","rubra",30,42.300278,-71.124771,118,4.81383561643836,5.26168831168831,361.89,415.63,3.05840909090909,69.41,14.0612654287684,13.8943367598695,12.2307615075817,12.3226238423188,892.845590053464,948.842035858544,4
86288,2016,130,"Quercus","rubra",30,42.300278,-71.124771,115,6.03214285714286,6.53435294117647,449.53,582.7,5.57410256410256,62.74,14.3756880494857,13.7656458986062,12.1612950520708,12.5031269255947,851.290653644956,1062.76578867555,15
86288,2017,119,"Quercus","rubra",30,42.300278,-71.124771,110,4.80523076923077,5.73932432432432,369.29,481.66,5.09841379310345,96.79,13.9365950737702,13.5455211588587,12.0446164811614,12.2538133125302,782.900071275493,906.782185127235,9
86288,2018,123,"Quercus","rubra",30,42.300278,-71.124771,122,5.26168831168831,5.49794871794872,415.63,439.32,1.58608108108108,61.76,14.1020734513251,14.0612654287684,12.3226238423188,12.3454372988445,948.842035858544,962.94410930987,1
87760,2016,127,"Quercus","rubra",30,42.300278,-71.124771,115,6.03214285714286,6.37280487804878,449.53,549.85,6.11070588235294,62.74,14.261163387497,13.7656458986062,12.1612950520708,12.4360033697098,851.290653644956,1019.7522763162,12
87760,2017,117,"Quercus","rubra",30,42.300278,-71.124771,110,4.80523076923077,5.31875,369.29,439.9,2.99935483870968,96.79,13.8517504314968,13.5455211588587,12.0446164811614,12.2076562957444,782.900071275493,878.951253293595,7
87760,2018,122,"Quercus","rubra",30,42.300278,-71.124771,122,5.26168831168831,5.26168831168831,415.63,415.63,3.05840909090909,69.41,14.0612654287684,14.0612654287684,12.3226238423188,12.3226238423188,948.842035858544,948.842035858544,0
86289,2016,118,"Tilia","americana",26,42.296417,-71.128052,94,5.23,6.12547945205479,278.33,474.44,5.8279012345679,62.74,13.8940867635983,12.8076818325721,11.6664008768465,12.2307410704212,571.653642965481,892.844098140747,24
86289,2017,107,"Tilia","americana",26,42.296417,-71.128052,98,2.89584905660377,4.65564516129032,210.43,345.6,6.02974193548387,96.79,13.4103837011098,12.9956313920589,11.7614113142674,11.9741765858871,623.354799656174,742.398948324999,9
86289,2018,122,"Tilia","americana",26,42.296417,-71.128052,117,4.66833333333333,5.26168831168831,346.6,415.63,4.32484848484849,69.41,14.0609913855974,13.8515065282904,12.2076390469048,12.3225906970268,878.950011377149,948.839483671067,5
86290,2016,115,"Tilia","americana",13,42.305161,-71.122452,111,5.52787878787879,6.03214285714286,392.12,449.53,8.19607476635514,62.74,13.7659388877148,13.5903167941144,12.0680297453693,12.1613087903064,796.489963194373,851.291615321446,4
86290,2017,113,"Tilia","americana",13,42.305161,-71.122452,107,4.65564516129032,4.94073529411765,345.6,392.92,7.63022471910112,96.79,13.678659694181,13.4107951067886,11.974143026366,12.1147535050254,742.396867634692,823.80323834173,6
86290,2018,121,"Tilia","americana",13,42.305161,-71.122452,118,4.81383561643836,5.02026315789474,361.89,392.02,8.95136690647482,69.41,14.0204125029371,13.8946529776342,12.2307873592507,12.299784896037,892.8474772253,934.78365209881,3
87757,2016,118,"Tilia","americana",26,42.296417,-71.128052,94,5.23,6.12547945205479,278.33,474.44,8.02485714285714,62.74,13.8940867635983,12.8076818325721,11.6664008768465,12.2307410704212,571.653642965481,892.844098140747,24
87757,2017,116,"Tilia","americana",26,42.296417,-71.128052,104,3.97864406779661,5.20323943661972,291.69,426.38,4.73422535211268,96.79,13.8086114358157,13.2736264751588,11.9034606558679,12.1844859837867,702.304178696203,865.098504848858,12
87757,2018,124,"Tilia","americana",26,42.296417,-71.128052,123,5.49794871794872,5.72810126582278,439.32,463,5.34583333333333,69.41,14.1421967736548,14.1017934878177,12.3454009892165,12.3681452396524,962.941277158884,977.083473932539,1
87762,2016,115,"Tilia","americana",13,42.305161,-71.122452,111,5.52787878787879,6.03214285714286,392.12,449.53,6.2146511627907,62.74,13.7659388877148,13.5903167941144,12.0680297453693,12.1613087903064,796.489963194373,851.291615321446,4
87762,2017,107,"Tilia","americana",13,42.305161,-71.122452,101,3.58607142857143,4.65564516129032,257.77,345.6,1.62936936936937,96.79,13.4107951067886,13.1356243681575,11.832445897144,11.974143026366,662.616970240063,742.396867634692,6
87762,2018,122,"Tilia","americana",13,42.305161,-71.122452,117,4.66833333333333,5.26168831168831,346.6,415.63,8.71948529411765,69.41,14.0616120637686,13.8520589420911,12.2076781145509,12.3226657683452,878.952824247665,948.845264162579,5
87763,2016,115,"Tilia","americana",13,42.305161,-71.122452,105,5.171,6.03214285714286,337.54,449.53,8.19607476635514,62.74,13.7659388877148,13.3197812566942,11.9270114679287,12.1613087903064,715.620688075725,851.291615321446,10
87763,2017,107,"Tilia","americana",13,42.305161,-71.122452,106,4.42377049180328,4.65564516129032,326.8,345.6,7.63022471910112,96.79,13.4107951067886,13.3653844521784,11.9505913529164,11.974143026366,728.986072527903,742.396867634692,1
87763,2018,122,"Tilia","americana",13,42.305161,-71.122452,118,4.81383561643836,5.26168831168831,361.89,415.63,9.38524475524476,69.41,14.0616120637686,13.8946529776342,12.2307873592507,12.3226657683452,892.8474772253,948.845264162579,4
